Top pages,Clicks,Impressions,CTR,Position
https://neothink.com/,2162,23082,9.37%,4.03
https://neothink.com/neothink-university/,585,17429,3.36%,2.98
https://neothink.com/about/,379,16896,2.24%,3.67
https://neothink.com/about-neothink/,203,10985,1.85%,3.28
https://neothink.com/free-courses/,116,5039,2.3%,4.54
https://neothink.com/about-us/,108,6950,1.55%,4.11
https://neothink.com/faq/,102,6341,1.61%,5.02
https://neothink.com/the-movement/,77,1825,4.22%,7.72
https://neothink.com/immortalis/,72,6338,1.14%,4.29
https://neothink.com/podcast/,71,10483,0.68%,4.01
https://neothink.com/the-prime-law/,68,3085,2.2%,4.02
https://neothink.com/twelve-visions-party/,65,648,10.03%,9.74
https://neothink.com/contact/,58,1869,3.1%,11.29
https://neothink.com/our-mission/,26,1801,1.44%,6
https://neothink.com/project-life/,25,1042,2.4%,5.19
https://neothink.com/events/,18,355,5.07%,13.14
https://neothink.com/secret-society-invitation-have-you-received-this-letter-what-does-it-mean/,17,532,3.2%,20.7
https://neothink.com/programs/,16,934,1.71%,15.07
https://neothink.com/neothink-coaching-programs/,11,4643,0.24%,3.34
https://neothink.com/whats-the-truth-about-the-neothink-society-separating-fact-from-fiction/,11,725,1.52%,12.36
https://neothink.com/how-the-neothink-movement-empowers-financial-independence/,10,281,3.56%,9.36
https://neothink.com/how-the-neothink-secret-society-differs-from-other-secret-groups/,6,937,0.64%,10.19
https://neothink.com/blog/,5,7015,0.07%,5
https://neothink.com/newsletter/,5,3581,0.14%,4.23
https://neothink.com/formula-cure-to-aging/,5,270,1.85%,8.26
https://neothink.com/neothink-society-clearing-up-the-misunderstandings-about-the-secret-society/,5,156,3.21%,23.1
https://neothink.com/is-the-neothink-society-legit-everything-you-need-to-know/,4,727,0.55%,25.06
https://neothink.com/neothink-society-clearing-up-the-misunderstandings-about-the-secret-society-neothink/,4,360,1.11%,28.72
https://neothink.com/ascension-platform-for-business-and-personal-growth/,4,290,1.38%,23.94
https://neothink.com/free/,4,289,1.38%,21.3
https://neothink.com/how-to-join-neothink-society-secret-meetings/,4,92,4.35%,20.12
https://neothink.com/books/,3,4519,0.07%,3.48
https://neothink.com/testimonials/,3,1697,0.18%,13.1
https://neothink.com/resources/,3,388,0.77%,39.91
https://neothink.com/neothink-mentality-a-new-way-to-look-at-life-and-work/,3,145,2.07%,8.66
https://neothink.com/neothink-country/,2,530,0.38%,4.08
https://neothink.com/what-people-get-wrong-about-neothink-university-and-whats-actually-true/,2,314,0.64%,21.24
https://neothink.com/mark-hamiltons-neothink-the-surprising-logic-behind-its-teachings/,2,130,1.54%,14.68
https://neothink.com/the-ancient-formula-for-wealth-and-influence-does-neothink-hold-the-answer/,2,8,25%,3.5
https://neothink.com/contact-form-submitted/,1,99,1.01%,56.06
https://neothink.com/creating-success-stories-with-neothink-mastermind-group/,1,53,1.89%,16.19
https://neothink.com/how-to-excel-at-work-33-practical-tips-for-professional-growth/,1,43,2.33%,14.49
https://neothink.com/neothink-in-the-21st-century-how-to-navigate-todays-challenges/,1,21,4.76%,7.29
https://neothink.com/18-good-financial-habits-that-can-change-your-life/,1,8,12.5%,10.38
https://neothink.com/privacy-policy/,0,132,0%,12.91
https://neothink.com/life-coaching/,0,68,0%,18.75
https://neothink.com/sample-page/,0,47,0%,13.96
https://neothink.com/who-really-joins-secret-societies-the-truth-behind-the-members/,0,41,0%,52.22
https://neothink.com/secret-society-letters-are-they-just-selling-happiness/,0,32,0%,18.56
https://neothink.com/what-i-offer/,0,31,0%,15.81
https://neothink.com/testimonial/the-neothink-society-knowledge-and/,0,30,0%,44.6
https://neothink.com/why-youre-feeling-stuck-in-life-and-how-to-fix-it/,0,23,0%,64.61
https://neothink.com/how-to-discern-genuine-secret-society-opportunities-from-fraud/,0,21,0%,18.67
https://neothink.com/category/uncategorized/page/2/,0,20,0%,3.95
https://neothink.com/what-is-the-neothink-society/,0,19,0%,7.74
https://neothink.com/neothink-society-why-people-cant-stop-talking-about-it/,0,15,0%,2.93
https://neothink.com/neothink-society-a-path-to-wealth-or-just-another-membership/,0,12,0%,11.08
https://neothink.com/neothink-books-do-they-reveal-a-secret-world/,0,10,0%,5.7
https://neothink.com/podcast/escape-the-matrix-now-mark-hamilton-2/,0,10,0%,6.1
https://neothink.com/newsletter-signup-thank-you/,0,10,0%,19.2
https://neothink.com/how-to-find-your-passion-in-life-and-career/,0,10,0%,76.9
https://neothink.com/testimonial/i-am-using-the-tools/,0,9,0%,16.89
https://neothink.com/embracing-retirement-finding-purpose-passion-and-personal-growth-in-the-next-chapter-of-life/,0,8,0%,29
https://neothink.com/testimonial/i-was-so-fortunate-growing/,0,8,0%,31.88
https://neothink.com/why-youre-not-passionate-about-anything-and-what-to-do-about-it/,0,8,0%,34
https://neothink.com/the-benefits-of-becoming-an-active-neothink-member/,0,7,0%,6.29
https://neothink.com/9-self-leadership-strategies-to-empower-yourself/,0,7,0%,17.71
https://neothink.com/testimonial/mark-i-just-cant-believe/,0,6,0%,42.17
https://neothink.com/9-effective-steps-to-create-and-maintain-a-healthy-mindset/,0,5,0%,1
https://neothink.com/testimonial/hi-my-name-is-christian/,0,5,0%,14
https://neothink.com/9-effective-steps-to-create-and-maintain-a-healthy-mindset-neothink/,0,5,0%,37.2
https://neothink.com/is-starting-over-at-50-too-late-for-success/,0,5,0%,44.6
https://neothink.com/podcast/reprogram-your-mind-to-be-rich-in-1-hour-the-neothink-approach/,0,4,0%,2
https://neothink.com/podcast/reprogram-your-mind-to-be-rich-in-1-hour-the-neothink-approach-2/,0,4,0%,4.5
https://neothink.com/are-secret-societies-really-that-secret/,0,4,0%,5.25
https://neothink.com/how-to-find-your-passion-in-life-and-career-neothink/,0,4,0%,10.75
https://neothink.com/testimonial/i-received-back-in-the/,0,4,0%,16
https://neothink.com/testimonial/so-far-i-can-say/,0,4,0%,24.25
https://neothink.com/neothink-manuscripts-from-skepticism-to-multigenerationals-wisdom/,0,3,0%,1
https://neothink.com/mark-hamilton-the-visionary-behind-neothink-ideas-for-modern-society/,0,3,0%,1.33
https://neothink.com/what-do-secret-societies-do-understanding-their-purpose-and-existence/,0,3,0%,6
https://neothink.com/category/uncategorized/page/3/,0,3,0%,7.33
https://neothink.com/category/uncategorized/page/4/,0,3,0%,17
https://neothink.com/what-is-the-purpose-of-life-and-how-can-we-discover-it/,0,3,0%,18.33
https://neothink.com/about-duplicate-494-new/,0,3,0%,37.67
https://neothink.com/7-ways-to-find-happiness-in-retirement/,0,2,0%,1
https://neothink.com/adulting-doesnt-have-to-be-boring-how-to-have-fun-as-an-adult/,0,2,0%,1
https://neothink.com/how-to-deal-with-financial-stress-and-build-a-solid-financial-foundation/,0,2,0%,1
https://neothink.com/author/helpfulfox00gmail-com/page/3/,0,2,0%,1.5
https://neothink.com/podcast/a-new-country-with-no-taxes-mark-hamilton/,0,2,0%,8
https://neothink.com/testimonial/my-very-special-thanks-to/,0,2,0%,52
https://neo.neothink.com/main/home.php,0,1,0%,1
https://neothink.com/how-to-break-bad-habits-10-personal-transformation-tips/,0,1,0%,1
https://neothink.com/how-to-make-money-as-a-stay-at-home-mom-in-2025/,0,1,0%,1
https://neothink.com/podcast/youre-being-manipulated-they-use-guilt-to-control-you-mark-hamilton/,0,1,0%,5
https://neothink.com/podcast/universal-wealth-health-and-peace-on-earth-2/,0,1,0%,8
https://neothink.com/podcast/freeing-societys-hidden-geniuses-with-elon-musk/,0,1,0%,9
https://neothink.com/podcast/the-future-of-humanity-everything-becomes-free/,0,1,0%,9
https://neothink.com/testimonial/20001/,0,1,0%,18
https://neothink.com/podcast/the-secret-society-reveals-civilizations-only-hope-for-a-good-future/,0,1,0%,20
https://neothink.com/podcast/the-future-of-humanity-everything-becomes-free-2/,0,1,0%,23
https://neothink.com/testimonial/for-me-this-journey-with/,0,1,0%,32
https://neothink.com/testimonial/im-new-to-neothink-and/,0,1,0%,33
https://neothink.com/testimonial/im-so-very-greatful-for/,0,1,0%,33
https://neothink.com/testimonial/thank-you-for-the-incredible/,0,1,0%,34
https://neothink.com/testimonial/thank-you-mark-what-an/,0,1,0%,35
https://neothink.com/testimonial/mark-hamilton-you-open-my/,0,1,0%,36
https://neothink.com/testimonial/i-have-an-fne-for/,0,1,0%,37
https://neothink.com/testimonial/thank-you-mark-hamilton-for/,0,1,0%,40
https://neothink.com/testimonial/thank-you-mr-mark-hamilton/,0,1,0%,42
https://neothink.com/testimonial/thank-you-i-am-so/,0,1,0%,43
https://neothink.com/testimonial/hi-markthank-you-for-the/,0,1,0%,44
https://neothink.com/testimonial/have-come-many-myriads-of/,0,1,0%,46
https://neothink.com/testimonial/hi-mark-im-glad-to/,0,1,0%,48
https://neothink.com/testimonial/thank-you-mark-for-this/,0,1,0%,51
https://neothink.com/testimonial/thank-you-mark-for-selecting/,0,1,0%,52
https://neothink.com/testimonial/thank-you-mark-hamilton-for-3/,0,1,0%,55
https://neothink.com/testimonial/thank-you-mark-hamilton-for-4/,0,1,0%,56
https://neothink.com/testimonial/thank-you-mark-hamilton-for-2/,0,1,0%,57
https://neothink.com/thriving-in-your-career-strategies-for-overcoming-burnout-and-advancing-as-a-leader-neothink/,0,1,0%,65